{"cameraMode":{"drawMode":0,"name":"Shaded","section":"Shading Mode"},"sceneLighting":false,"audioPlay":false,"sceneViewState":{"m_AlwaysRefresh":false,"showFog":true,"showSkybox":false,"showFlares":true,"showImageEffects":true,"showParticleSystems":true,"showVisualEffectGraphs":true,"m_FxEnabled":true},"in2DMode":false,"pivot":{"x":-0.7099999785423279,"y":2.8299999237060549,"z":29.889999389648439},"rotation":{"x":-0.3094986379146576,"y":0.47994908690452578,"z":-0.18577325344085694,"w":-0.7995939254760742},"size":0.35835975408554079,"orthographic":false}